category,n_examples,top1_accuracy,mean_consistency,position_0_rate
ambiguous_code_calculator,1,0.0,1.0,0.0
ambiguous_search_translation,1,0.0,1.0,1.0
calculator,9,0.6666666666666666,1.0,0.6666666666666666
code_execution,8,0.375,0.9583333333333334,0.5
search,8,0.25,0.9166666666666666,0.5
translation,9,0.2222222222222222,0.9629629629629629,0.6666666666666666
weather,9,0.5555555555555556,0.9259259259259258,0.5555555555555556
